id_cliente,genero_cliente,tipo_cliente
C00001,Hombre,Turista
C00003,Hombre,Local
C00004,Mujer,Local
C00006,Mujer,Turista
C00007,Mujer,Local
C00009,Mujer,Local
C00011,Mujer,Local
C00012,Mujer,Local
C00013,Hombre,Local
C00014,Mujer,Local
C00015,Mujer,Local
C00016,Mujer,Local
C00021,Hombre,Local
C00022,Hombre,Turista
C00024,Hombre,Turista
C00025,Hombre,Local
C00026,Hombre,Local
C00030,Hombre,Local
C00031,Mujer,Local
C00032,Mujer,Turista
C00033,Hombre,Local
C00034,Mujer,Local
C00035,Hombre,Local
C00036,Mujer,Local
C00037,Mujer,Local
C00038,Hombre,Local
C00039,Hombre,Local
C00040,Hombre,Local
C00041,Hombre,Local
C00042,Hombre,Turista
C00043,Hombre,Local
C00044,Hombre,Local
C00045,Hombre,Local
C00046,Hombre,Local
C00047,Hombre,Local
C00048,Mujer,Local
C00049,Hombre,Local
C00050,Hombre,Local
C00052,Mujer,Local
C00053,Mujer,Local
C00054,Hombre,Local
C00055,Mujer,Turista
C00057,Hombre,Local
C00058,Hombre,Local
C00063,Hombre,Turista
C00064,Hombre,Local
C00066,Hombre,Local
C00067,Mujer,Local
C00068,Hombre,Local
C00069,Hombre,Local
C00070,Hombre,Local
C00071,Hombre,Local
C00072,Hombre,Turista
C00073,Hombre,Turista
C00074,Mujer,Local
C00075,Mujer,Local
C00077,Mujer,Local
C00080,Hombre,Local
C00081,Mujer,Local
C00082,Mujer,Local
C00084,Hombre,Local
C00085,Mujer,Local
C00086,Mujer,Local
C00087,Mujer,Local
C00088,Hombre,Local
C00089,Hombre,Turista
C00090,Mujer,Local
C00091,Hombre,Local
C00093,Hombre,Local
C00094,Mujer,Local
C00095,Hombre,Local
C00098,Mujer,Local
C00099,Mujer,Local
C00101,Hombre,Local
C00102,Hombre,Local
C00103,Hombre,Turista
C00104,Hombre,Local
C00106,Hombre,Local
C00107,Hombre,Local
C00108,Hombre,Local
C00109,Hombre,Local
C00110,Hombre,Turista
C00113,Hombre,Local
C00114,Hombre,Turista
C00115,Hombre,Local
C00118,Mujer,Local
C00119,Hombre,Local
C00121,Hombre,Local
C00122,Hombre,Local
C00124,Hombre,Local
C00125,Mujer,Local
C00126,Hombre,Local
C00127,Hombre,Local
C00128,Mujer,Local
C00130,Hombre,Local
C00132,Hombre,Local
C00134,Hombre,Turista
C00136,Hombre,Local
C00138,Hombre,Local
C00139,Hombre,Turista
C00140,Hombre,Local
C00141,Hombre,Local
C00142,Hombre,Local
C00146,Mujer,Local
C00147,Mujer,Local
C00148,Mujer,Turista
C00151,Hombre,Local
C00152,Hombre,Local
C00153,Mujer,Local
C00154,Hombre,Local
C00155,Hombre,Local
C00158,Hombre,Local
C00160,Mujer,Local
C00161,Mujer,Local
C00162,Mujer,Turista
C00163,Hombre,Local
C00165,Hombre,Local
C00168,Mujer,Local
C00169,Hombre,Local
C00172,Mujer,Local
C00173,Mujer,Local
C00174,Hombre,Local
C00175,Mujer,Local
C00177,Hombre,Local
C00178,Hombre,Local
C00179,Mujer,Local
C00182,Mujer,Local
C00183,Hombre,Local
C00184,Hombre,Local
C00185,Mujer,Local
C00186,Mujer,Local
C00187,Mujer,Turista
C00188,Hombre,Local
C00189,Hombre,Local
C00190,Hombre,Local
C00191,Mujer,Local
C00193,Mujer,Local
C00195,Hombre,Local
C00197,Hombre,Local
C00198,Hombre,Local
C00199,Hombre,Local
C00200,Mujer,Turista
C00201,Hombre,Local
C00203,Hombre,Local
C00204,Hombre,Local
C00205,Mujer,Local
C00207,Hombre,Local
C00208,Hombre,Local
C00210,Mujer,Turista
C00211,Hombre,Local
C00212,Hombre,Local
C00213,Mujer,Local
C00214,Hombre,Local
C00215,Hombre,Local
C00216,Hombre,Local
C00217,Mujer,Local
C00218,Mujer,Local
C00219,Mujer,Local
C00220,Mujer,Local
C00221,Hombre,Local
C00222,Mujer,Local
C00223,Hombre,Local
C00226,Hombre,Local
C00227,Mujer,Turista
C00228,Hombre,Local
C00229,Mujer,Local
C00230,Mujer,Local
C00232,Hombre,Local
C00233,Mujer,Local
C00234,Hombre,Local
C00236,Hombre,Local
C00237,Hombre,Turista
C00238,Hombre,Local
C00239,Hombre,Local
C00240,Mujer,Local
C00241,Hombre,Local
C00243,Hombre,Local
C00245,Mujer,Local
C00246,Hombre,Local
C00247,Mujer,Local
C00248,Hombre,Local
C00250,Mujer,Local
C00251,Mujer,Local
C00252,Hombre,Local
C00253,Hombre,Turista
C00256,Hombre,Local
C00258,Mujer,Turista
C00259,Mujer,Turista
C00261,Hombre,Local
C00263,Hombre,Local
C00265,Mujer,Local
C00267,Hombre,Turista
C00270,Mujer,Local
C00272,Mujer,Local
C00273,Hombre,Local
C00274,Hombre,Local
C00275,Hombre,Local
C00276,Hombre,Local
C00277,Hombre,Local
C00278,Mujer,Local
C00280,Hombre,Local
C00281,Hombre,Local
C00283,Hombre,Local
C00284,Mujer,Local
C00285,Hombre,Local
C00286,Hombre,Local
C00287,Hombre,Local
C00288,Hombre,Local
C00289,Mujer,Local
C00290,Hombre,Local
C00291,Hombre,Local
C00292,Mujer,Local
C00294,Hombre,Local
C00295,Mujer,Local
C00296,Hombre,Local
C00297,Hombre,Turista
C00299,Hombre,Turista
C00301,Hombre,Local
C00303,Hombre,Local
C00304,Mujer,Local
C00305,Hombre,Local
C00306,Hombre,Turista
C00308,Mujer,Local
C00309,Hombre,Local
C00310,Hombre,Local
C00311,Hombre,Local
C00312,Hombre,Local
C00313,Mujer,Local
C00315,Hombre,Local
C00319,Hombre,Local
C00320,Hombre,Local
C00322,Hombre,Local
C00324,Hombre,Local
C00325,Hombre,Local
C00326,Hombre,Local
C00327,Hombre,Turista
C00328,Hombre,Local
C00329,Hombre,Local
C00330,Hombre,Turista
C00332,Mujer,Local
C00334,Mujer,Local
C00335,Mujer,Local
C00336,Mujer,Turista
C00337,Mujer,Local
C00338,Hombre,Local
C00339,Hombre,Local
C00340,Hombre,Local
C00341,Mujer,Local
C00343,Mujer,Local
C00344,Hombre,Local
C00345,Hombre,Local
C00346,Mujer,Turista
C00348,Hombre,Turista
C00349,Hombre,Local
C00350,Hombre,Local
C00351,Hombre,Local
C00352,Hombre,Local
C00353,Hombre,Local
C00354,Mujer,Turista
C00355,Mujer,Local
C00356,Hombre,Local
C00357,Mujer,Local
C00358,Mujer,Local
C00359,Hombre,Local
C00360,Hombre,Local
C00361,Mujer,Turista
C00362,Mujer,Turista
C00364,Hombre,Local
C00365,Mujer,Local
C00366,Hombre,Local
C00367,Hombre,Local
C00369,Mujer,Local
C00372,Hombre,Local
C00374,Mujer,Local
C00375,Hombre,Local
C00376,Hombre,Local
C00377,Hombre,Turista
C00378,Mujer,Local
C00379,Mujer,Turista
C00380,Hombre,Local
C00382,Hombre,Local
C00383,Hombre,Local
C00384,Hombre,Local
C00385,Hombre,Turista
C00386,Mujer,Local
C00387,Mujer,Local
C00388,Mujer,Turista
C00389,Hombre,Local
C00390,Mujer,Turista
C00391,Hombre,Local
C00392,Mujer,Local
C00393,Mujer,Local
C00394,Hombre,Local
C00395,Hombre,Local
C00397,Hombre,Local
C00399,Mujer,Local
C00400,Mujer,Local
C00401,Hombre,Local
C00402,Hombre,Local
C00405,Hombre,Local
C00406,Mujer,Local
C00408,Hombre,Local
C00409,Hombre,Local
C00410,Hombre,Local
C00412,Mujer,Local
C00413,Hombre,Local
C00414,Hombre,Local
C00415,Mujer,Local
C00416,Mujer,Local
C00417,Mujer,Turista
C00418,Mujer,Local
C00419,Mujer,Turista
C00420,Mujer,Local
C00421,Hombre,Local
C00422,Hombre,Local
C00423,Hombre,Local
C00425,Hombre,Local
C00426,Hombre,Local
C00427,Hombre,Local
C00429,Mujer,Turista
C00430,Hombre,Local
C00433,Hombre,Local
C00434,Mujer,Local
C00435,Hombre,Local
C00437,Hombre,Local
C00438,Mujer,Local
C00440,Hombre,Local
C00442,Mujer,Turista
C00443,Mujer,Local
C00444,Hombre,Local
C00445,Hombre,Turista
C00446,Hombre,Turista
C00447,Hombre,Local
C00448,Hombre,Local
C00449,Mujer,Local
C00451,Hombre,Local
C00452,Mujer,Local
C00453,Hombre,Turista
C00454,Mujer,Local
C00455,Mujer,Turista
C00457,Hombre,Local
C00459,Mujer,Local
C00460,Mujer,Local
C00462,Hombre,Local
C00463,Hombre,Local
C00464,Mujer,Local
C00465,Mujer,Local
C00466,Hombre,Local
C00468,Hombre,Local
C00469,Hombre,Local
C00470,Hombre,Local
C00471,Hombre,Local
C00472,Hombre,Turista
C00473,Hombre,Local
C00474,Hombre,Local
C00475,Hombre,Local
C00476,Mujer,Local
C00477,Mujer,Local
C00478,Hombre,Turista
C00481,Hombre,Local
C00482,Hombre,Turista
C00485,Hombre,Local
C00487,Mujer,Local
C00488,Hombre,Local
C00489,Hombre,Local
C00490,Hombre,Local
C00491,Mujer,Local
C00492,Mujer,Local
C00493,Hombre,Local
C00495,Hombre,Local
C00496,Mujer,Local
C00498,Hombre,Local
C00501,Hombre,Local
C00502,Hombre,Local
C00503,Hombre,Local
C00504,Mujer,Turista
C00506,Hombre,Local
C00507,Hombre,Local
C00508,Hombre,Local
C00509,Hombre,Local
C00512,Mujer,Local
C00513,Mujer,Local
C00514,Mujer,Local
C00515,Mujer,Local
C00516,Hombre,Local
C00517,Mujer,Local
C00518,Mujer,Local
C00519,Mujer,Local
C00520,Mujer,Local
C00522,Hombre,Local
C00524,Mujer,Local
C00528,Hombre,Local
C00530,Hombre,Local
C00531,Mujer,Local
C00532,Mujer,Local
C00533,Hombre,Local
C00534,Hombre,Local
C00536,Mujer,Local
C00537,Mujer,Local
C00538,Mujer,Local
C00539,Hombre,Local
C00541,Hombre,Local
C00542,Hombre,Turista
C00543,Hombre,Local
C00544,Hombre,Local
C00545,Hombre,Local
C00546,Mujer,Local
C00547,Hombre,Local
C00548,Hombre,Local
C00549,Mujer,Local
C00550,Mujer,Local
C00551,Hombre,Local
C00552,Hombre,Turista
C00555,Hombre,Local
C00556,Mujer,Local
C00557,Hombre,Local
C00560,Mujer,Local
C00561,Hombre,Local
C00562,Mujer,Local
C00563,Hombre,Local
C00564,Mujer,Turista
C00565,Hombre,Local
C00566,Mujer,Local
C00567,Hombre,Turista
C00568,Mujer,Local
C00569,Hombre,Local
C00571,Hombre,Local
C00572,Hombre,Turista
C00573,Mujer,Local
C00574,Hombre,Local
C00575,Hombre,Local
C00576,Hombre,Local
C00577,Hombre,Local
C00578,Mujer,Local
C00579,Mujer,Local
C00580,Mujer,Local
C00581,Hombre,Local
C00582,Mujer,Local
C00583,Mujer,Local
C00584,Hombre,Local
C00585,Mujer,Local
C00586,Mujer,Local
C00588,Hombre,Local
C00590,Hombre,Local
C00591,Mujer,Local
C00594,Hombre,Local
C00595,Hombre,Local
C00597,Hombre,Local
C00601,Hombre,Local
C00602,Hombre,Local
C00603,Hombre,Local
C00605,Hombre,Local
C00606,Mujer,Turista
C00607,Hombre,Turista
C00608,Mujer,Local
C00609,Hombre,Local
C00611,Hombre,Local
C00614,Hombre,Local
C00616,Hombre,Local
C00617,Hombre,Local
C00618,Hombre,Local
C00619,Hombre,Local
C00620,Hombre,Local
C00621,Hombre,Local
C00622,Mujer,Local
C00625,Mujer,Local
C00627,Mujer,Local
C00628,Hombre,Local
C00630,Mujer,Local
C00631,Mujer,Local
C00632,Mujer,Local
C00633,Mujer,Local
C00635,Mujer,Local
C00636,Mujer,Local
C00637,Hombre,Local
C00638,Hombre,Local
C00639,Hombre,Local
C00640,Hombre,Local
C00642,Hombre,Local
C00645,Mujer,Local
C00646,Hombre,Local
C00648,Mujer,Local
C00649,Mujer,Local
C00650,Mujer,Turista
C00651,Mujer,Local
C00653,Hombre,Local
C00654,Hombre,Local
C00655,Hombre,Local
C00657,Hombre,Local
C00658,Mujer,Local
C00661,Mujer,Turista
C00662,Hombre,Local
C00664,Hombre,Local
C00665,Mujer,Local
C00667,Hombre,Local
C00668,Hombre,Local
C00669,Hombre,Local
C00671,Hombre,Local
C00674,Mujer,Local
C00677,Mujer,Local
C00678,Mujer,Local
C00679,Hombre,Local
C00681,Mujer,Local
C00682,Hombre,Local
C00683,Mujer,Turista
C00684,Hombre,Turista
C00689,Hombre,Local
C00690,Hombre,Local
C00691,Mujer,Local
C00692,Mujer,Local
C00694,Mujer,Local
C00695,Hombre,Local
C00696,Mujer,Local
C00698,Mujer,Local
C00700,Hombre,Local
C00701,Hombre,Local
C00703,Mujer,Local
C00704,Hombre,Local
C00705,Hombre,Local
C00706,Hombre,Turista
C00707,Hombre,Local
C00708,Hombre,Local
C00710,Hombre,Local
C00712,Hombre,Local
C00714,Hombre,Local
C00715,Mujer,Local
C00716,Hombre,Local
C00717,Hombre,Local
C00718,Mujer,Local
C00719,Hombre,Local
C00720,Hombre,Turista
C00721,Hombre,Local
C00722,Hombre,Local
C00723,Hombre,Turista
C00725,Hombre,Local
C00726,Hombre,Local
C00727,Hombre,Local
C00729,Mujer,Local
C00730,Mujer,Turista
C00731,Hombre,Local
C00732,Hombre,Turista
C00733,Mujer,Local
C00734,Hombre,Local
C00735,Hombre,Local
C00736,Mujer,Local
C00739,Hombre,Local
C00740,Mujer,Local
C00741,Hombre,Local
C00742,Mujer,Local
C00744,Hombre,Local
C00745,Hombre,Local
C00746,Hombre,Local
C00748,Hombre,Local
C00749,Mujer,Local
C00750,Mujer,Local
C00753,Mujer,Local
C00754,Hombre,Local
C00756,Mujer,Local
C00759,Hombre,Local
C00762,Hombre,Local
C00763,Mujer,Local
C00764,Mujer,Local
C00765,Mujer,Local
C00766,Mujer,Local
C00768,Hombre,Local
C00772,Hombre,Local
C00773,Mujer,Local
C00775,Hombre,Local
C00777,Hombre,Local
C00779,Mujer,Local
C00780,Mujer,Local
C00781,Hombre,Turista
C00782,Hombre,Local
C00784,Mujer,Local
C00786,Hombre,Local
C00788,Mujer,Local
C00789,Hombre,Local
C00790,Hombre,Local
C00793,Mujer,Local
C00795,Hombre,Local
C00797,Mujer,Turista
C00799,Hombre,Turista
C00802,Hombre,Turista
C00803,Mujer,Turista
C00804,Hombre,Local
C00805,Hombre,Local
C00806,Hombre,Local
C00807,Mujer,Local
C00808,Hombre,Turista
C00809,Mujer,Turista
C00810,Mujer,Turista
C00811,Mujer,Turista
C00812,Mujer,Local
C00813,Mujer,Turista
C00814,Hombre,Turista
C00815,Mujer,Local
C00816,Mujer,Turista
C00818,Mujer,Local
C00819,Hombre,Local
C00820,Hombre,Local
C00821,Mujer,Turista
C00822,Hombre,Local
C00823,Hombre,Local
C00824,Mujer,Local
C00825,Mujer,Local
C00826,Hombre,Turista
C00827,Mujer,Local
C00828,Hombre,Local
C00830,Mujer,Local
C00832,Mujer,Local
C00835,Hombre,Turista
C00836,Hombre,Local
C00837,Hombre,Local
C00839,Mujer,Local
C00840,Hombre,Local
C00841,Hombre,Local
C00842,Mujer,Local
C00844,Mujer,Turista
C00845,Mujer,Local
C00847,Mujer,Local
C00849,Hombre,Local
C00850,Hombre,Local
C00851,Hombre,Local
C00852,Mujer,Local
C00854,Mujer,Local
C00855,Mujer,Local
C00856,Mujer,Local
C00857,Mujer,Local
C00862,Hombre,Local
C00863,Hombre,Local
C00864,Mujer,Local
C00866,Hombre,Local
C00867,Hombre,Local
C00868,Mujer,Turista
C00869,Hombre,Turista
C00870,Hombre,Local
C00871,Hombre,Turista
C00873,Mujer,Local
C00875,Hombre,Local
C00877,Hombre,Local
C00878,Hombre,Turista
C00879,Hombre,Local
C00880,Hombre,Local
C00882,Hombre,Local
C00883,Mujer,Local
C00884,Hombre,Local
C00888,Hombre,Local
C00889,Mujer,Local
C00890,Hombre,Local
C00891,Mujer,Turista
C00892,Hombre,Turista
C00893,Hombre,Turista
C00894,Mujer,Local
C00896,Hombre,Local
C00897,Mujer,Local
C00899,Hombre,Local
C00900,Hombre,Local
C00903,Mujer,Local
C00904,Hombre,Local
C00905,Hombre,Turista
C00906,Mujer,Local
C00907,Mujer,Local
C00908,Mujer,Local
C00909,Hombre,Local
C00910,Mujer,Local
C00911,Hombre,Local
C00912,Hombre,Local
C00913,Hombre,Local
C00915,Mujer,Turista
C00916,Hombre,Local
C00917,Hombre,Local
C00918,Hombre,Turista
C00920,Hombre,Local
C00921,Hombre,Local
C00922,Hombre,Turista
C00923,Hombre,Local
C00924,Mujer,Local
C00925,Hombre,Local
C00927,Hombre,Local
C00928,Mujer,Turista
C00929,Hombre,Local
C00930,Mujer,Local
C00931,Mujer,Local
C00932,Hombre,Local
C00934,Hombre,Local
C00935,Hombre,Local
C00937,Mujer,Local
C00938,Hombre,Local
C00939,Hombre,Local
C00940,Hombre,Local
C00942,Hombre,Local
C00943,Mujer,Local
C00944,Mujer,Turista
C00946,Hombre,Local
C00947,Mujer,Local
C00949,Mujer,Local
C00950,Hombre,Local
C00951,Hombre,Local
C00952,Hombre,Local
C00953,Hombre,Local
C00954,Hombre,Local
C00956,Hombre,Turista
C00957,Hombre,Local
C00958,Hombre,Local
C00959,Hombre,Turista
C00960,Hombre,Local
C00961,Hombre,Local
C00963,Hombre,Local
C00964,Hombre,Local
C00965,Mujer,Local
C00966,Hombre,Local
C00968,Hombre,Turista
C00969,Hombre,Local
C00970,Mujer,Local
C00971,Mujer,Turista
C00972,Hombre,Local
C00973,Mujer,Local
C00974,Mujer,Turista
C00975,Hombre,Turista
C00976,Hombre,Local
C00977,Hombre,Local
C00982,Hombre,Local
C00983,Hombre,Local
C00985,Mujer,Local
C00986,Mujer,Local
C00987,Mujer,Local
C00988,Hombre,Local
C00990,Hombre,Local
C00991,Mujer,Local
C00993,Hombre,Local
C00995,Mujer,Turista
C00996,Hombre,Local
C00997,Hombre,Local
C00998,Hombre,Local
C00999,Mujer,Turista
C01000,Hombre,Turista
C01004,Mujer,Local
C01005,Mujer,Local
C01006,Mujer,Local
C01007,Hombre,Local
C01009,Mujer,Local
C01010,Mujer,Local
C01011,Hombre,Turista
C01012,Mujer,Local
C01015,Hombre,Local
C01016,Mujer,Local
C01017,Hombre,Local
C01019,Hombre,Local
C01020,Mujer,Local
C01022,Hombre,Turista
C01023,Hombre,Local
C01026,Hombre,Local
C01027,Mujer,Turista
C01028,Hombre,Turista
C01029,Hombre,Local
C01031,Hombre,Local
C01032,Hombre,Local
C01033,Mujer,Local
C01034,Hombre,Local
C01035,Hombre,Local
C01036,Mujer,Local
C01037,Hombre,Local
C01039,Hombre,Local
C01040,Hombre,Local
C01041,Mujer,Local
C01042,Hombre,Local
C01043,Mujer,Local
C01044,Hombre,Local
C01045,Mujer,Local
C01046,Hombre,Local
C01047,Hombre,Local
C01048,Hombre,Local
C01049,Mujer,Turista
C01050,Hombre,Local
C01052,Hombre,Local
C01053,Hombre,Local
C01054,Hombre,Local
C01055,Hombre,Turista
C01056,Mujer,Local
C01057,Hombre,Local
C01058,Mujer,Local
C01062,Hombre,Local
C01063,Mujer,Turista
C01064,Hombre,Local
C01065,Hombre,Local
C01066,Mujer,Local
C01068,Mujer,Turista
C01069,Hombre,Local
C01070,Hombre,Local
C01073,Hombre,Local
C01074,Mujer,Local
C01076,Hombre,Local
C01078,Hombre,Local
C01079,Hombre,Local
C01080,Hombre,Local
C01081,Mujer,Local
C01083,Hombre,Local
C01086,Mujer,Local
C01087,Hombre,Turista
C01088,Mujer,Turista
C01090,Hombre,Local
C01096,Hombre,Local
C01097,Hombre,Local
C01098,Hombre,Local
C01099,Mujer,Local
C01100,Hombre,Local
C01101,Mujer,Local
C01103,Hombre,Local
C01104,Hombre,Local
C01105,Mujer,Local
C01106,Hombre,Local
C01107,Mujer,Local
C01110,Hombre,Turista
C01111,Mujer,Local
C01112,Mujer,Local
C01113,Mujer,Local
C01114,Mujer,Local
C01116,Mujer,Local
C01117,Hombre,Local
C01118,Mujer,Local
C01119,Mujer,Local
C01121,Hombre,Local
C01122,Hombre,Local
C01123,Mujer,Local
C01125,Mujer,Local
C01126,Mujer,Local
C01128,Hombre,Turista
C01130,Hombre,Local
C01131,Hombre,Local
C01132,Hombre,Local
C01133,Hombre,Local
C01135,Mujer,Local
C01136,Mujer,Local
C01137,Hombre,Local
C01138,Hombre,Local
C01140,Mujer,Local
C01142,Hombre,Local
C01143,Hombre,Local
C01144,Hombre,Local
C01146,Hombre,Local
C01147,Mujer,Local
C01149,Mujer,Turista
C01150,Hombre,Local
C01151,Hombre,Local
C01152,Hombre,Local
C01153,Mujer,Local
C01154,Mujer,Turista
C01155,Hombre,Local
C01156,Hombre,Local
C01157,Hombre,Local
C01158,Hombre,Local
C01160,Mujer,Local
C01162,Hombre,Local
C01164,Mujer,Local
C01165,Hombre,Local
C01166,Hombre,Turista
C01167,Mujer,Turista
C01168,Hombre,Local
C01169,Hombre,Local
C01170,Hombre,Local
C01171,Hombre,Local
C01172,Hombre,Local
C01174,Mujer,Local
C01175,Mujer,Local
C01177,Hombre,Local
C01178,Hombre,Local
C01179,Mujer,Local
C01180,Hombre,Local
C01181,Hombre,Local
C01182,Mujer,Local
C01183,Hombre,Local
C01184,Hombre,Local
C01185,Hombre,Turista
C01186,Mujer,Local
C01187,Mujer,Local
C01188,Hombre,Local
C01190,Hombre,Local
C01191,Mujer,Local
C01192,Mujer,Local
C01193,Hombre,Local
C01194,Hombre,Local
C01197,Mujer,Local
C01198,Hombre,Local
C01199,Mujer,Local
C01200,Mujer,Local
C01201,Hombre,Local
C01202,Hombre,Local
C01203,Hombre,Local
C01204,Hombre,Local
C01207,Hombre,Local
C01208,Hombre,Local
C01209,Hombre,Local
C01211,Hombre,Local
C01212,Mujer,Local
C01214,Hombre,Local
C01215,Mujer,Local
C01216,Hombre,Turista
C01217,Mujer,Local
C01218,Mujer,Turista
C01220,Hombre,Local
C01221,Hombre,Local
C01222,Mujer,Local
C01224,Mujer,Local
C01225,Hombre,Turista
C01226,Mujer,Local
C01228,Hombre,Local
C01229,Hombre,Local
C01231,Mujer,Local
C01232,Hombre,Turista
C01233,Hombre,Local
C01234,Hombre,Local
C01235,Hombre,Local
C01236,Hombre,Local
C01237,Mujer,Local
C01238,Hombre,Local
C01240,Hombre,Local
C01241,Hombre,Local
C01242,Hombre,Local
C01243,Hombre,Local
C01244,Hombre,Turista
C01245,Mujer,Local
C01246,Hombre,Local
C01247,Hombre,Local
C01248,Hombre,Local
C01252,Mujer,Turista
C01253,Hombre,Local
C01254,Mujer,Local
C01256,Hombre,Turista
C01257,Hombre,Local
C01258,Hombre,Turista
C01259,Mujer,Local
C01261,Mujer,Local
C01263,Mujer,Local
C01264,Hombre,Local
C01265,Mujer,Local
C01266,Hombre,Local
C01269,Hombre,Local
C01271,Hombre,Local
C01272,Hombre,Local
C01275,Hombre,Local
C01278,Mujer,Local
C01279,Hombre,Local
C01281,Hombre,Local
C01282,Hombre,Local
C01283,Mujer,Local
C01284,Hombre,Turista
C01285,Mujer,Local
C01286,Hombre,Local
C01289,Hombre,Local
C01290,Hombre,Local
C01291,Hombre,Local
C01292,Mujer,Turista
C01293,Mujer,Local
C01294,Hombre,Local
C01295,Mujer,Local
C01296,Mujer,Local
C01298,Hombre,Turista
C01299,Hombre,Turista
C01300,Mujer,Local
C01302,Hombre,Local
C01304,Mujer,Local
C01305,Mujer,Local
C01306,Hombre,Local
C01307,Hombre,Local
C01309,Hombre,Local
C01310,Hombre,Local
C01311,Hombre,Turista
C01312,Hombre,Local
C01313,Hombre,Local
C01314,Hombre,Local
C01315,Mujer,Local
C01316,Mujer,Turista
C01317,Mujer,Local
C01318,Mujer,Turista
C01319,Hombre,Local
C01320,Hombre,Local
C01321,Mujer,Local
C01322,Hombre,Local
C01323,Mujer,Local
C01324,Hombre,Local
C01325,Mujer,Local
C01326,Hombre,Local
C01327,Mujer,Turista
C01328,Hombre,Local
C01330,Hombre,Local
C01332,Hombre,Local
C01333,Hombre,Turista
C01335,Hombre,Local
C01336,Hombre,Turista
C01338,Hombre,Local
C01339,Mujer,Local
C01340,Hombre,Local
C01341,Hombre,Local
C01342,Hombre,Local
C01344,Hombre,Local
C01345,Hombre,Local
C01346,Hombre,Turista
C01348,Hombre,Local
C01352,Hombre,Turista
C01353,Mujer,Local
C01354,Mujer,Local
C01356,Mujer,Local
C01357,Mujer,Local
C01358,Mujer,Local
C01360,Hombre,Local
C01363,Hombre,Local
C01364,Hombre,Local
C01365,Hombre,Local
C01366,Hombre,Local
C01368,Mujer,Local
C01372,Hombre,Local
C01374,Hombre,Turista
C01375,Hombre,Local
C01376,Hombre,Local
C01377,Mujer,Local
C01378,Hombre,Local
C01379,Hombre,Local
C01380,Mujer,Local
C01381,Mujer,Local
C01383,Hombre,Turista
C01384,Mujer,Turista
C01385,Hombre,Local
C01386,Hombre,Local
C01387,Hombre,Turista
C01389,Hombre,Local
C01390,Mujer,Local
C01391,Hombre,Local
C01392,Hombre,Local
C01393,Hombre,Turista
C01394,Hombre,Local
C01395,Hombre,Local
C01396,Hombre,Local
C01397,Hombre,Local
C01398,Hombre,Local
C01399,Mujer,Local
C01400,Hombre,Local
C01401,Hombre,Local
C01402,Mujer,Local
C01403,Hombre,Local
C01404,Mujer,Local
C01405,Mujer,Local
C01406,Hombre,Local
C01409,Hombre,Local
C01410,Mujer,Turista
C01411,Hombre,Local
C01412,Mujer,Local
C01416,Hombre,Local
C01419,Mujer,Local
C01420,Mujer,Local
C01421,Mujer,Local
C01423,Mujer,Local
C01424,Hombre,Local
C01426,Hombre,Local
C01427,Hombre,Local
C01429,Hombre,Local
C01430,Mujer,Local
C01431,Mujer,Local
C01432,Hombre,Turista
C01437,Hombre,Local
C01438,Mujer,Local
C01441,Hombre,Local
C01442,Mujer,Local
C01444,Hombre,Turista
C01445,Hombre,Local
C01448,Hombre,Local
C01450,Hombre,Local
C01452,Mujer,Local
C01454,Hombre,Local
C01455,Hombre,Local
C01456,Mujer,Local
C01457,Hombre,Turista
C01458,Hombre,Local
C01459,Hombre,Turista
C01460,Mujer,Turista
C01461,Hombre,Local
C01462,Hombre,Local
C01463,Mujer,Local
C01464,Hombre,Local
C01465,Hombre,Local
C01468,Hombre,Local
C01469,Hombre,Local
C01470,Mujer,Local
C01471,Hombre,Local
C01474,Mujer,Local
C01476,Hombre,Local
C01478,Hombre,Local
C01479,Hombre,Local
C01480,Hombre,Local
C01481,Hombre,Local
C01482,Mujer,Local
C01484,Hombre,Local
C01485,Hombre,Local
C01486,Hombre,Local
C01489,Hombre,Local
C01490,Hombre,Turista
C01491,Hombre,Local
C01492,Hombre,Local
C01493,Hombre,Local
C01494,Hombre,Local
C01496,Hombre,Local
C01498,Mujer,Local
C01499,Hombre,Turista
C01500,Mujer,Turista
C01501,Mujer,Local
C01502,Hombre,Local
C01503,Hombre,Local
C01504,Hombre,Local
C01505,Hombre,Local
C01506,Hombre,Local
C01507,Hombre,Local
C01509,Hombre,Local
C01511,Hombre,Local
C01512,Hombre,Local
C01513,Mujer,Local
C01515,Mujer,Local
C01517,Hombre,Local
C01519,Mujer,Turista
C01520,Mujer,Local
C01521,Mujer,Local
C01522,Mujer,Turista
C01523,Hombre,Local
C01524,Mujer,Local
C01526,Mujer,Local
C01528,Mujer,Local
C01529,Hombre,Local
C01531,Mujer,Local
C01532,Mujer,Turista
C01533,Hombre,Local
C01534,Hombre,Local
C01536,Hombre,Turista
C01537,Mujer,Local
C01538,Hombre,Local
C01539,Hombre,Local
C01541,Hombre,Local
C01542,Hombre,Turista
C01544,Hombre,Local
C01546,Hombre,Turista
C01547,Mujer,Local
C01550,Hombre,Local
C01551,Hombre,Local
C01552,Hombre,Local
C01553,Hombre,Local
C01554,Mujer,Local
C01555,Hombre,Local
C01556,Mujer,Local
C01558,Hombre,Local
C01561,Mujer,Local
C01562,Mujer,Local
C01563,Mujer,Turista
C01564,Hombre,Local
C01565,Hombre,Turista
C01566,Hombre,Local
C01567,Mujer,Local
C01569,Hombre,Turista
C01570,Hombre,Local
C01571,Hombre,Turista
C01572,Hombre,Local
C01573,Hombre,Local
C01574,Hombre,Local
C01575,Mujer,Local
C01576,Mujer,Local
C01577,Hombre,Turista
C01578,Hombre,Turista
C01579,Hombre,Local
C01581,Hombre,Local
C01582,Mujer,Local
C01585,Mujer,Local
C01586,Mujer,Local
C01589,Mujer,Local
C01590,Mujer,Local
C01591,Hombre,Local
C01595,Hombre,Local
C01596,Mujer,Local
C01600,Mujer,Local
C01601,Mujer,Local
C01602,Hombre,Local
C01603,Hombre,Turista
C01605,Hombre,Local
C01606,Hombre,Local
C01607,Hombre,Local
C01608,Hombre,Local
C01609,Hombre,Local
C01610,Hombre,Local
C01611,Hombre,Local
C01615,Hombre,Local
C01617,Hombre,Local
C01621,Hombre,Local
C01622,Mujer,Local
C01623,Hombre,Local
C01625,Mujer,Local
C01626,Hombre,Local
C01627,Mujer,Local
C01628,Mujer,Local
C01630,Hombre,Local
C01631,Hombre,Local
C01632,Mujer,Local
C01634,Hombre,Turista
C01635,Hombre,Local
C01636,Hombre,Local
C01637,Mujer,Local
C01638,Hombre,Local
C01639,Mujer,Local
C01640,Mujer,Local
C01641,Mujer,Local
C01642,Hombre,Local
C01643,Mujer,Local
C01644,Hombre,Local
C01645,Hombre,Local
C01648,Hombre,Local
C01649,Mujer,Local
C01650,Hombre,Local
C01651,Mujer,Local
C01652,Hombre,Turista
C01654,Hombre,Local
C01656,Mujer,Local
C01657,Hombre,Local
C01658,Mujer,Local
C01659,Mujer,Local
C01660,Hombre,Local
C01662,Mujer,Local
C01663,Mujer,Local
C01664,Hombre,Local
C01666,Hombre,Local
C01668,Hombre,Local
C01669,Hombre,Turista
C01670,Hombre,Local
C01671,Hombre,Local
C01672,Hombre,Local
C01673,Hombre,Local
C01675,Mujer,Local
C01676,Hombre,Local
C01679,Hombre,Local
C01681,Mujer,Local
C01683,Mujer,Local
C01686,Hombre,Local
C01687,Hombre,Local
C01689,Hombre,Local
C01691,Hombre,Turista
C01692,Hombre,Local
C01693,Hombre,Local
C01695,Hombre,Local
C01696,Mujer,Local
C01697,Mujer,Turista
C01698,Hombre,Local
C01699,Mujer,Local
C01700,Hombre,Local
C01702,Mujer,Local
C01703,Hombre,Local
C01704,Hombre,Turista
C01705,Hombre,Local
C01706,Hombre,Local
C01707,Hombre,Local
C01708,Hombre,Local
C01709,Mujer,Local
C01710,Mujer,Local
C01711,Hombre,Local
C01713,Hombre,Local
C01714,Mujer,Local
C01715,Mujer,Local
C01716,Mujer,Local
C01719,Hombre,Local
C01721,Hombre,Turista
C01722,Mujer,Turista
C01724,Mujer,Local
C01725,Hombre,Local
C01726,Mujer,Turista
C01727,Hombre,Local
C01728,Mujer,Local
C01729,Mujer,Local
C01730,Hombre,Local
C01731,Hombre,Local
C01734,Mujer,Turista
C01735,Hombre,Local
C01736,Hombre,Turista
C01738,Mujer,Local
C01739,Mujer,Local
C01741,Mujer,Local
C01742,Mujer,Local
C01743,Mujer,Local
C01744,Hombre,Local
C01746,Hombre,Turista
C01747,Mujer,Local
C01748,Mujer,Local
C01749,Hombre,Local
C01750,Hombre,Local
C01751,Hombre,Turista
C01752,Hombre,Local
C01754,Hombre,Local
C01755,Hombre,Turista
C01756,Hombre,Local
C01757,Hombre,Turista
C01758,Hombre,Local
C01759,Hombre,Local
C01761,Hombre,Local
C01762,Hombre,Local
C01763,Hombre,Local
C01764,Mujer,Local
C01765,Hombre,Turista
C01767,Mujer,Local
C01768,Hombre,Turista
C01769,Hombre,Turista
C01771,Hombre,Local
C01772,Mujer,Local
C01773,Mujer,Local
C01775,Mujer,Local
C01777,Hombre,Local
C01778,Mujer,Turista
C01779,Mujer,Turista
C01780,Mujer,Local
C01781,Hombre,Local
C01783,Mujer,Local
C01785,Hombre,Local
C01786,Hombre,Local
C01787,Hombre,Turista
C01788,Mujer,Local
C01789,Mujer,Local
C01790,Mujer,Local
C01792,Mujer,Local
C01793,Hombre,Local
C01794,Mujer,Local
C01795,Hombre,Local
C01796,Mujer,Local
C01797,Hombre,Local
C01798,Mujer,Local
C01799,Hombre,Turista
C01801,Hombre,Local
C01802,Hombre,Local
C01803,Mujer,Turista
C01804,Mujer,Local
C01807,Hombre,Local
C01808,Hombre,Local
C01809,Hombre,Local
C01810,Mujer,Local
C01811,Mujer,Local
C01812,Mujer,Local
C01813,Mujer,Local
C01814,Mujer,Local
C01815,Mujer,Turista
C01816,Mujer,Local
C01817,Mujer,Local
C01818,Hombre,Local
C01819,Hombre,Local
C01820,Hombre,Local
C01822,Hombre,Local
C01823,Mujer,Local
C01824,Hombre,Local
C01826,Hombre,Local
C01827,Mujer,Local
C01829,Mujer,Local
C01830,Hombre,Turista
C01831,Hombre,Local
C01833,Hombre,Local
C01834,Hombre,Local
C01835,Hombre,Local
C01838,Hombre,Local
C01839,Mujer,Local
C01840,Hombre,Local
C01841,Hombre,Local
C01843,Hombre,Local
C01845,Hombre,Local
C01846,Mujer,Local
C01847,Hombre,Local
C01848,Mujer,Local
C01849,Mujer,Local
C01850,Hombre,Turista
C01852,Hombre,Local
C01853,Mujer,Local
C01854,Hombre,Local
C01856,Hombre,Local
C01857,Hombre,Local
C01858,Hombre,Local
C01860,Hombre,Turista
C01861,Hombre,Local
C01862,Hombre,Local
C01864,Hombre,Local
C01865,Hombre,Turista
C01866,Mujer,Turista
C01868,Mujer,Local
C01870,Mujer,Local
C01871,Mujer,Local
C01872,Hombre,Local
C01873,Hombre,Local
C01875,Hombre,Turista
C01876,Mujer,Local
C01877,Hombre,Turista
C01878,Hombre,Local
C01879,Mujer,Local
C01881,Hombre,Local
C01882,Mujer,Local
C01884,Mujer,Local
C01886,Hombre,Local
C01887,Mujer,Local
C01889,Mujer,Local
C01890,Hombre,Local
C01892,Hombre,Local
C01893,Hombre,Local
C01895,Hombre,Local
C01896,Mujer,Local
C01898,Hombre,Local
C01899,Mujer,Local
C01901,Mujer,Turista
C01905,Hombre,Local
C01907,Mujer,Turista
C01909,Hombre,Local
C01910,Mujer,Local
C01911,Mujer,Local
C01913,Hombre,Turista
C01914,Hombre,Local
C01915,Mujer,Local
C01916,Mujer,Local
C01917,Hombre,Local
C01919,Hombre,Local
C01921,Mujer,Local
C01922,Mujer,Local
C01924,Hombre,Turista
C01925,Hombre,Local
C01926,Mujer,Local
C01929,Hombre,Local
C01930,Hombre,Local
C01933,Mujer,Local
C01934,Hombre,Local
C01935,Hombre,Turista
C01937,Hombre,Local
C01938,Hombre,Local
C01939,Mujer,Local
C01941,Hombre,Local
C01945,Mujer,Local
C01946,Mujer,Local
C01947,Hombre,Local
C01948,Mujer,Local
C01949,Mujer,Local
C01951,Hombre,Turista
C01952,Hombre,Turista
C01954,Mujer,Local
C01956,Hombre,Turista
C01957,Hombre,Turista
C01958,Mujer,Turista
C01959,Hombre,Local
C01960,Hombre,Local
C01961,Hombre,Local
C01962,Hombre,Local
C01963,Mujer,Local
C01965,Mujer,Local
C01967,Hombre,Local
C01968,Hombre,Local
C01971,Hombre,Local
C01972,Hombre,Local
C01973,Hombre,Turista
C01976,Mujer,Turista
C01978,Mujer,Turista
C01979,Hombre,Local
C01981,Mujer,Local
C01983,Mujer,Local
C01985,Mujer,Turista
C01986,Mujer,Local
C01987,Hombre,Local
C01988,Mujer,Local
C01989,Hombre,Local
C01993,Mujer,Local
C01994,Hombre,Local
C01995,Hombre,Local
C01996,Hombre,Turista
C01997,Hombre,Local
C02000,Mujer,Turista
C02002,Mujer,Local
C02003,Hombre,Local
C02004,Mujer,Local
C02005,Mujer,Turista
C02006,Hombre,Local
C02007,Mujer,Local
C02008,Hombre,Local
C02009,Hombre,Local
C02011,Hombre,Local
C02013,Mujer,Local
C02019,Mujer,Local
C02020,Hombre,Local
C02021,Mujer,Local
C02022,Mujer,Local
C02023,Hombre,Local
C02025,Hombre,Local
C02026,Mujer,Local
C02027,Hombre,Local
C02028,Mujer,Local
C02029,Hombre,Local
C02030,Hombre,Local
C02032,Hombre,Local
C02033,Hombre,Local
C02036,Hombre,Turista
C02037,Hombre,Local
C02038,Mujer,Local
C02039,Mujer,Local
C02040,Mujer,Turista
C02041,Mujer,Local
C02044,Hombre,Local
C02045,Mujer,Local
C02046,Mujer,Local
C02047,Hombre,Local
C02049,Mujer,Local
C02050,Hombre,Local
C02051,Hombre,Local
C02052,Hombre,Local
C02053,Hombre,Local
C02055,Hombre,Local
C02056,Hombre,Local
C02057,Hombre,Local
C02058,Mujer,Turista
C02059,Mujer,Local
C02060,Hombre,Local
C02061,Hombre,Local
C02062,Mujer,Local
C02063,Mujer,Local
C02064,Hombre,Turista
C02066,Mujer,Local
C02067,Hombre,Local
C02068,Mujer,Local
C02069,Mujer,Local
C02072,Mujer,Local
C02073,Mujer,Local
C02074,Mujer,Turista
C02075,Hombre,Local
C02076,Hombre,Local
C02079,Hombre,Local
C02081,Hombre,Local
C02082,Mujer,Local
C02084,Hombre,Local
C02085,Mujer,Local
C02086,Hombre,Local
C02087,Mujer,Local
C02088,Mujer,Local
C02089,Hombre,Local
C02090,Mujer,Local
C02092,Hombre,Local
C02093,Hombre,Local
C02096,Hombre,Local
C02097,Hombre,Local
C02098,Hombre,Local
C02101,Hombre,Turista
C02102,Hombre,Local
C02103,Mujer,Local
C02104,Hombre,Local
C02105,Hombre,Local
C02106,Mujer,Local
C02107,Hombre,Turista
C02109,Mujer,Local
C02110,Mujer,Turista
C02111,Hombre,Local
C02113,Mujer,Local
C02114,Mujer,Local
C02117,Mujer,Local
C02120,Hombre,Local
C02122,Hombre,Local
C02123,Hombre,Local
C02125,Hombre,Local
C02126,Hombre,Local
C02127,Mujer,Local
C02128,Hombre,Local
C02129,Mujer,Local
C02131,Mujer,Local
C02132,Hombre,Local
C02133,Hombre,Local
C02136,Hombre,Local
C02137,Mujer,Local
C02139,Mujer,Local
C02140,Mujer,Local
C02141,Mujer,Local
C02142,Hombre,Local
C02143,Hombre,Turista
C02145,Hombre,Local
C02146,Mujer,Turista
C02147,Hombre,Local
C02149,Hombre,Local
C02150,Hombre,Turista
C02151,Mujer,Local
C02152,Mujer,Local
C02153,Hombre,Local
C02154,Mujer,Turista
C02155,Mujer,Local
C02156,Mujer,Local
C02157,Mujer,Local
C02159,Hombre,Local
C02160,Hombre,Local
C02161,Hombre,Local
C02163,Hombre,Local
C02164,Hombre,Local
C02165,Hombre,Local
C02166,Mujer,Turista
C02167,Mujer,Local
C02168,Hombre,Local
C02169,Hombre,Local
C02171,Hombre,Local
C02172,Hombre,Local
C02173,Hombre,Local
C02174,Mujer,Turista
C02175,Hombre,Turista
C02176,Mujer,Local
C02177,Hombre,Local
C02178,Mujer,Local
C02180,Hombre,Local
C02181,Hombre,Local
C02183,Mujer,Turista
C02185,Hombre,Local
C02186,Hombre,Local
C02187,Hombre,Local
C02188,Hombre,Local
C02189,Hombre,Local
C02190,Mujer,Local
C02191,Mujer,Turista
C02192,Hombre,Local
C02193,Hombre,Local
C02194,Mujer,Local
C02195,Hombre,Local
C02196,Mujer,Local
C02198,Hombre,Local
C02199,Hombre,Local
C02200,Mujer,Local
C02201,Mujer,Local
C02202,Mujer,Local
C02204,Mujer,Local
C02205,Hombre,Turista
C02206,Hombre,Local
C02208,Hombre,Turista
C02209,Hombre,Local
C02210,Mujer,Local
C02213,Mujer,Local
C02216,Hombre,Local
C02217,Mujer,Local
C02219,Hombre,Local
C02221,Mujer,Turista
C02223,Hombre,Local
C02224,Mujer,Turista
C02225,Hombre,Local
C02226,Mujer,Turista
C02227,Hombre,Local
C02228,Hombre,Local
C02229,Mujer,Turista
C02230,Mujer,Local
C02231,Mujer,Local
C02232,Hombre,Local
C02233,Mujer,Local
C02234,Hombre,Local
C02236,Hombre,Local
C02237,Mujer,Local
C02238,Hombre,Local
C02239,Hombre,Turista
C02240,Mujer,Turista
C02241,Hombre,Local
C02243,Hombre,Local
C02244,Hombre,Local
C02245,Hombre,Local
C02246,Mujer,Turista
C02247,Hombre,Local
C02250,Hombre,Turista
C02251,Mujer,Local
C02252,Mujer,Local
C02253,Hombre,Local
C02255,Hombre,Local
C02256,Hombre,Turista
C02257,Mujer,Local
C02258,Hombre,Local
C02259,Mujer,Local
C02260,Mujer,Turista
C02261,Mujer,Local
C02263,Mujer,Local
C02264,Mujer,Local
C02265,Mujer,Local
C02267,Hombre,Local
C02269,Mujer,Local
C02271,Mujer,Local
C02272,Hombre,Local
C02275,Hombre,Local
C02276,Mujer,Turista
C02277,Hombre,Turista
C02279,Hombre,Turista
C02280,Mujer,Local
C02281,Hombre,Local
C02282,Hombre,Local
C02283,Hombre,Local
C02284,Mujer,Local
C02285,Hombre,Local
C02286,Mujer,Local
C02287,Hombre,Local
C02288,Hombre,Local
C02289,Hombre,Local
C02290,Hombre,Local
C02291,Hombre,Local
C02293,Hombre,Local
C02296,Mujer,Local
C02297,Hombre,Local
C02301,Mujer,Local
C02302,Hombre,Local
C02303,Hombre,Turista
C02304,Mujer,Local
C02306,Hombre,Local
C02307,Mujer,Local
C02308,Mujer,Local
C02309,Mujer,Local
C02310,Hombre,Local
C02312,Hombre,Local
C02313,Mujer,Local
C02314,Hombre,Local
C02315,Hombre,Local
C02317,Hombre,Local
C02318,Hombre,Local
C02319,Mujer,Local
C02320,Hombre,Local
C02322,Mujer,Local
C02323,Mujer,Local
C02325,Hombre,Local
C02327,Mujer,Turista
C02328,Mujer,Local
C02329,Mujer,Local
C02331,Mujer,Local
C02332,Hombre,Local
C02333,Mujer,Local
C02335,Mujer,Local
C02336,Hombre,Local
C02338,Mujer,Local
C02340,Mujer,Local
C02342,Hombre,Turista
C02343,Mujer,Local
C02344,Hombre,Local
C02345,Hombre,Local
C02346,Mujer,Local
C02347,Mujer,Local
C02348,Hombre,Turista
C02350,Hombre,Local
C02351,Mujer,Local
C02352,Mujer,Local
C02353,Hombre,Local
C02354,Mujer,Local
C02355,Mujer,Local
C02356,Mujer,Local
C02357,Hombre,Local
C02359,Hombre,Local
C02360,Hombre,Local
C02361,Mujer,Local
C02364,Hombre,Turista
C02365,Hombre,Local
C02366,Mujer,Local
C02368,Hombre,Local
C02369,Hombre,Local
C02371,Hombre,Local
C02372,Hombre,Local
C02374,Hombre,Local
C02376,Mujer,Local
C02377,Hombre,Turista
C02379,Mujer,Local
C02380,Mujer,Local
C02383,Mujer,Local
C02386,Hombre,Turista
C02387,Hombre,Local
C02388,Hombre,Local
C02389,Hombre,Local
C02390,Hombre,Local
C02395,Mujer,Local
C02397,Hombre,Local
C02398,Hombre,Local
C02399,Hombre,Local
C02400,Mujer,Local
C02401,Hombre,Local
C02402,Mujer,Local
C02403,Hombre,Local
C02404,Mujer,Local
C02406,Hombre,Local
C02407,Hombre,Turista
C02408,Hombre,Local
C02409,Hombre,Local
C02410,Hombre,Turista
C02412,Hombre,Turista
C02414,Hombre,Local
C02415,Hombre,Local
C02416,Hombre,Local
C02418,Mujer,Local
C02419,Hombre,Local
C02420,Mujer,Local
C02421,Mujer,Local
C02423,Mujer,Local
C02424,Mujer,Local
C02425,Hombre,Local
C02426,Hombre,Local
C02427,Hombre,Local
C02429,Mujer,Turista
C02430,Mujer,Local
C02433,Mujer,Turista
C02434,Hombre,Local
C02435,Mujer,Local
C02437,Hombre,Local
C02438,Hombre,Local
C02439,Hombre,Local
C02440,Hombre,Turista
C02441,Hombre,Local
C02442,Hombre,Local
C02443,Hombre,Local
C02444,Hombre,Local
C02445,Hombre,Local
C02446,Mujer,Local
C02448,Mujer,Local
C02449,Mujer,Local
C02451,Mujer,Local
C02453,Hombre,Local
C02454,Hombre,Turista
C02455,Hombre,Local
C02456,Mujer,Local
C02457,Hombre,Local
C02458,Hombre,Local
C02459,Hombre,Local
C02460,Mujer,Local
C02463,Mujer,Turista
C02466,Hombre,Local
C02467,Mujer,Local
C02469,Mujer,Local
C02470,Hombre,Local
C02471,Mujer,Local
C02472,Mujer,Local
C02473,Hombre,Local
C02474,Mujer,Local
C02475,Hombre,Local
C02476,Mujer,Local
C02477,Hombre,Local
C02479,Hombre,Turista
C02481,Mujer,Turista
C02484,Mujer,Turista
C02485,Mujer,Local
C02486,Hombre,Turista
C02487,Mujer,Local
C02488,Mujer,Local
C02489,Mujer,Local
C02490,Mujer,Local
C02491,Hombre,Local
C02492,Hombre,Local
C02493,Hombre,Turista
C02494,Mujer,Local
C02495,Hombre,Local
C02496,Mujer,Local
C02497,Hombre,Turista
C02498,Mujer,Local
C02500,Mujer,Local
C02503,Hombre,Local
C02504,Hombre,Local
C02505,Hombre,Local
C02507,Hombre,Local
C02508,Hombre,Turista
C02509,Hombre,Local
C02511,Mujer,Local
C02513,Mujer,Local
C02514,Hombre,Local
C02515,Hombre,Local
C02516,Hombre,Local
C02517,Hombre,Local
C02522,Mujer,Local
C02524,Hombre,Turista
C02525,Hombre,Local
C02526,Hombre,Local
C02528,Mujer,Turista
C02529,Mujer,Local
C02530,Hombre,Local
C02531,Hombre,Local
C02536,Hombre,Local
C02537,Mujer,Local
C02539,Hombre,Turista
C02540,Hombre,Local
C02541,Mujer,Turista
C02543,Hombre,Local
C02544,Hombre,Local
C02547,Mujer,Turista
C02548,Mujer,Local
C02549,Hombre,Local
C02550,Hombre,Local
C02552,Hombre,Local
C02554,Hombre,Local
C02555,Hombre,Local
C02557,Mujer,Local
C02558,Mujer,Local
C02559,Mujer,Local
C02560,Hombre,Local
C02562,Mujer,Local
C02566,Mujer,Local
C02567,Hombre,Local
C02568,Hombre,Local
C02569,Hombre,Local
C02571,Mujer,Local
C02572,Mujer,Local
C02573,Mujer,Local
C02574,Mujer,Local
C02576,Mujer,Local
C02578,Hombre,Turista
C02580,Hombre,Local
C02581,Hombre,Local
C02582,Hombre,Local
C02583,Hombre,Turista
C02584,Mujer,Local
C02586,Hombre,Local
C02588,Hombre,Local
C02589,Mujer,Local
C02590,Mujer,Local
C02592,Mujer,Local
C02593,Mujer,Local
C02594,Hombre,Local
C02595,Hombre,Local
C02596,Hombre,Local
C02597,Mujer,Local
C02598,Hombre,Local
C02599,Hombre,Local
C02600,Mujer,Local
C02601,Mujer,Local
C02602,Hombre,Turista
C02604,Mujer,Turista
C02606,Mujer,Local
C02607,Hombre,Local
C02608,Mujer,Local
C02610,Hombre,Local
C02611,Hombre,Local
C02612,Mujer,Local
C02613,Mujer,Local
C02614,Mujer,Local
C02616,Hombre,Local
C02617,Hombre,Local
C02618,Hombre,Local
C02619,Hombre,Local
C02620,Hombre,Local
C02623,Hombre,Local
C02624,Hombre,Local
C02625,Hombre,Local
C02626,Hombre,Local
C02627,Hombre,Local
C02628,Mujer,Local
C02629,Mujer,Local
C02630,Hombre,Local
C02631,Mujer,Local
C02632,Mujer,Local
C02633,Hombre,Local
C02634,Mujer,Local
C02635,Hombre,Local
C02637,Mujer,Local
C02638,Hombre,Local
C02641,Hombre,Local
C02642,Mujer,Local
C02643,Hombre,Local
C02644,Hombre,Turista
C02645,Mujer,Local
C02646,Hombre,Local
C02647,Mujer,Local
C02648,Mujer,Local
C02649,Mujer,Local
C02650,Hombre,Turista
C02651,Mujer,Local
C02652,Mujer,Turista
C02653,Hombre,Turista
C02654,Mujer,Local
C02655,Hombre,Local
C02657,Hombre,Local
C02658,Hombre,Local
C02663,Hombre,Local
C02665,Hombre,Local
C02666,Mujer,Local
C02667,Hombre,Local
C02669,Hombre,Local
C02671,Hombre,Local
C02672,Mujer,Turista
C02673,Hombre,Local
C02674,Hombre,Local
C02678,Mujer,Local
C02680,Hombre,Local
C02681,Mujer,Local
C02682,Hombre,Turista
C02684,Mujer,Local
C02685,Hombre,Local
C02686,Hombre,Local
C02688,Mujer,Local
C02689,Hombre,Local
C02690,Hombre,Local
C02691,Mujer,Turista
C02692,Hombre,Local
C02694,Mujer,Local
C02695,Mujer,Local
C02696,Mujer,Local
C02701,Hombre,Local
C02702,Mujer,Turista
C02703,Mujer,Turista
C02704,Mujer,Turista
C02705,Mujer,Local
C02707,Mujer,Turista
C02708,Mujer,Local
C02709,Mujer,Local
C02711,Hombre,Local
C02712,Hombre,Local
C02713,Mujer,Local
C02715,Mujer,Local
C02716,Hombre,Local
C02717,Mujer,Local
C02719,Mujer,Local
C02720,Hombre,Local
C02723,Hombre,Local
C02724,Mujer,Local
C02725,Hombre,Local
C02727,Hombre,Local
C02728,Mujer,Local
C02729,Hombre,Local
C02730,Hombre,Local
C02731,Hombre,Local
C02732,Mujer,Local
C02733,Mujer,Local
C02734,Mujer,Local
C02736,Hombre,Local
C02737,Mujer,Local
C02738,Mujer,Local
C02740,Hombre,Local
C02742,Hombre,Local
C02743,Hombre,Turista
C02744,Hombre,Local
C02745,Hombre,Turista
C02746,Hombre,Local
C02747,Hombre,Local
C02748,Hombre,Local
C02749,Hombre,Local
C02751,Mujer,Local
C02752,Hombre,Local
C02753,Mujer,Local
C02754,Mujer,Local
C02755,Hombre,Local
C02756,Mujer,Local
C02757,Hombre,Local
C02759,Mujer,Turista
C02760,Mujer,Local
C02761,Mujer,Turista
C02762,Hombre,Local
C02765,Hombre,Local
C02768,Mujer,Local
C02769,Hombre,Turista
C02770,Mujer,Turista
C02771,Mujer,Local
C02773,Mujer,Local
C02775,Mujer,Turista
C02776,Hombre,Local
C02777,Mujer,Local
C02779,Hombre,Local
C02780,Hombre,Local
C02781,Hombre,Local
C02782,Hombre,Turista
C02783,Hombre,Local
C02784,Mujer,Local
C02786,Hombre,Local
C02787,Mujer,Local
C02788,Mujer,Local
C02789,Mujer,Local
C02791,Hombre,Local
C02792,Mujer,Local
C02793,Mujer,Turista
C02794,Mujer,Local
C02796,Mujer,Local
C02798,Mujer,Local
C02799,Mujer,Local
